<?xml version="1.0" encoding="UTF-8"?>

<colors>
    
       __  __ _   __ ____ ____
      / / / // | / //  _//  _/
     / / / //  |/ / / /  / /  
    / /_/ // /|  /_/ / _/ /   
    \____//_/ |_//___//___/   
    
    
    <!-- UI Chargement du jeu -->
    <!-- UI Choix des serveurs -->
    <!-- UI Choix des personnages -->
    <!-- UI Pincipale -->
    <!-- UI Chat -->
    <!-- UI Aptitudes -->
    <!-- UI Sorts -->
    <!-- UI Inventaire -->
    <!-- UI Métiers -->
    <!-- UI Héros / Compagnons -->
    <!-- UI Exploits -->
    <!-- UI Havre-Sac -->
    <!-- UI Menus -->
    <!-- UI Familiers -->
    <!-- UI Climat -->
    <!-- UI Ecosystème -->
    <!-- UI Guilde -->
    <!-- UI Attitudes -->
    <!-- UI HDV -->
    <!-- UI Boutique -->
    <!-- UI Actions -->
    <!-- UI Mercenaires -->
    <!-- UI Zaap -->
    <!-- UI Donjons -->
    <!-- UI Combats -->
    <!-- Items -->
    <!-- Informations serveur -->
   
    
    <!-- UI Chargement du jeu -->
    <color id="windowBackgroundColor" color="#2f2f2f" /><!-- Couleur du fond -->
    <color id="loadingWheelColor" color="#ffc282" /><!-- Couleur de l'engrenage de chargement -->
    
    
    <!-- UI Principale -->
    <color id="defaultLightColor" color="#eaeaea" /><!-- Couleur des points de citoyenneté / points de vie -->
    <color id="mecanicBlueColor" color="#eaeaea" /><!-- Couleur des textes menus -->
    <color id="defaultBlackColor" color="#eaeaea" /><!-- Couleur des textes sur parchemin / numéros des barres sorts -> inventaire -->
    <color id="heartHPColor" color="#f3a950"/><!-- Couleur du coeur -->
    <color id="questObjectiveColor" color="#ffc282"/><!-- Couleur du texte des quêtes épinglés / niveau --> 
    
    
    <!-- UI Chat -->
    <color id="vicinityChannelColor" color="#fffef2"/><!-- Couleur du canal Proximité -->
    <color id="privateChannelColor" color="#7ec3ff"/><!-- Couleur du canal Privé -->
    <color id="informationChannelColor" color="#46a324"/><!-- Couleur du canal Information -->
    <color id="partyChannelColor" color="#00e4ff"/><!-- Couleur du canal Groupe -->
    <color id="guildChannelColor" color="#975fff"/><!-- Couleur du canal Guilde -->
    <color id="tradeChannelColor" color="#b3783e"/><!-- Couleur du canal Commerce -->
    <color id="politicChannelColor" color="#ccae0c"/><!-- Couleur du canal Politique -->
    <color id="frCommunityChannelColor" color="#9ec79d"/><!-- Couleur du canal Communauté FR -->
    <color id="enCommunityChannelColor" color="#9ec79d"/><!-- Couleur du canal Communauté EN -->
    <color id="esCommunityChannelColor" color="#9ec79d"/><!-- Couleur du canal Communauté ES -->
    <color id="ptCommunityChannelColor" color="#9ec79d"/><!-- Couleur du canal Communauté PT -->
    <color id="frRecruitmentChannelColor" color="#e4a0d5"/><!-- Couleur du canal Recrutement FR -->
    <color id="enRecruitmentChannelColor" color="#e4a0d5"/><!-- Couleur du canal Recrutement EN -->
    <color id="esRecruitmentChannelColor" color="#e4a0d5"/><!-- Couleur du canal Recrutement ES -->
    <color id="ptRecruitmentChannelColor" color="#e4a0d5"/><!-- Couleur du canal Recrutement PT -->
    <color id="fightInformationChannelColor" color="#46a324"/><!-- Couleur du canal Informations de combat -->
    <color id="fightEffectChatColor" color="#46a324" since="10082000"/><!-- Couleur des effets dans le canal Informations de combat -->
    <color id="fightTargetChatColor" color="#46a324" since="10082000"/><!-- Couleur du personnage ciblé dans le canal Informations de combat -->
    <color id="battlegroundChannelColor" color="#d66a8e"/><!-- Couleur du canal Champ de bataille -->
    <color id="intergameChannelColor" color="#7ec3ff"/><!-- Couleur du canal de discussion Ankama(launcher) -->
    <color id="errorChannelColor" color="#e8890d"/><!-- Couleur des erreurs -->
    <color id="moderationMessagesColor" color="#e8890d"/><!-- Couleur des messages de la modération -->
    
    
    <!-- UI Aptitudes -->
    <color id="xpColor" color="#5b5b5b" /><!-- Couleur de l'xp -->
    <color id="HPColor" color="#c40505" /><!-- Couleur des PV -->
    <color id="APColor" color="#0078e2" /><!-- Couleur des PA -->
    <color id="MPColor" color="#4e984e" /><!-- Couleur des PM -->
    <color id="WPColor" color="#1d6c99" /><!-- Couleur des Points Wakfu -->
    
    
    <!-- UI Menus -->
    <color id="mecanicDarkBlueColor" color="#eaeaea" /><!-- Textes des menus, kamas -->
    <color id="defaultDarkColor" color="#eaeaea" /><!-- Couleurs texte sur les parchemins -->
    <color id="darkOddCellColor" color="#eaeaea" /><!-- Couleurs texte sur les parchemins -->
    <color id="darkOddCellColor" color="#eaeaea"/>
    <color id="darkSelectedCellColor" color="#eaeaea"/>
    <color id="darkMouseOverCellColor" color="#eaeaea"/>
    <color id="selectedCellColor" color="#262626"/> <!-- Guilde ligne sélectionnée -->
    <color id="mouseOverCellColor" color="#262626"/><!-- Couleur over en guilde -->
    <color id="darkEvenCellColor" color="#262626"/>
    <color id="blackColor" color="#eaeaea" /><!-- Couleurs texte sur les parchemins / onglet sélectionné -->

    
    <!-- UI Familiers -->
    <color id="scrollTitleBackgroundColorLight" color="#acacac" since="10082000"/>
    <color id="scrollTitleBackgroundColor" color="#2f2f2f"/> <!-- Fond dernier repas + nom familier-->
    
    
    <!-- UI Inventaire -->
    <color id="evenCellColor" color="#2f2f2f" /><!-- Couleur de la première ligne du résumé d'un item -->
    <color id="oddCellColor" color="#393939" /><!-- Couleur de la deuxième ligne du résumé d'un item -->
    
    
    <!-- UI Héros / Compagnons -->
    <color id="xpColorCompanion" color="#5b5b5b" /><!-- Couleur de l'xp des compagnons -->
    <color id="disabledHeroSlotColor" color="#9b9b9b"/><!-- Couleur d'un compagnon désactivé -->
    <color id="enabledHeroSlotColor" color="#434343" /><!-- Couleur d'un compagnon activé -->
    <color id="heroGradientFirstColor" color="#434343"/><!-- Couleur primaire du dégradé pour les héros -->
    <color id="heroGradientSecondColor" color="#434343"/><!-- Couleur secondaire du dégradé pour les héros -->
    <color id="companionGradientFirstColor" color="#434343"/><!-- Couleur primaire du dégradé pour les compagnons -->
    <color id="companionGradientSecondColor" color="#434343"/><!-- Couleur secondaire du dégradé pour les compagnons -->
    
    
    <!-- UI Exploits -->
    <color id="achievementCategoryCompleteColor" color="#262626" since="10082000"/>
    
    
    <!-- UI HDV -->
    <color id="marketTableEvenCellColor" color="#2f2f2f"/><!-- Couleur primaire du listing en HDV -->
    <color id="marketTableOddCellColor" color="#393939"/><!-- Couleur secondaire du listing en HDV -->
    <color id="mainTextLightColor" color="#eaeaea"/><!-- Couleur du texte blanc -->
    <color id="mainTextTitleColor" color="#f4b262"/><!-- Couleur des titres -->
    
    
    <!-- WEBSHOP -->
    <color id="webShopBackgroundColor" color="#7e7e7e" since="10082000"/> <!-- Couleur fond boutique -->
    <color id="webShopHighlightColor" color="#2f2f2f" since="10082000"/> <!-- Couleur fond articles shop mis en avant + fond montant ogrines -->
    <color id="webShopOgrineAmountColor" color="#eaeaea" since="10082000"/> <!-- Couleur du montant d'ogrines disponibles -->
    <color id="webShopMoneyPriceBackgroundColor" color="#121212" since="10082000"/> <!-- Montant d'Ogrines disponibles -->
    <color id="webShopMoneyPriceSaleColor" color="#eaeaea" since="10082000"/> <!-- Couleur du prix en € -->
    <color id="webShopOgrinePriceColor" color="#eaeaea" since="10082000"/> <!-- Texte prix en ogrines -->
    <color id="webShopPriceBackgroundColor" color="#121212" since="10082000"/> <!-- Couleur du fond du prix en ogrines -->
    <color id="webShopNotEnoughOgrinePriceColor" color="#eaeaea" since="10082000"/> <!-- Texte prix en Ogrine (pas assez d'Ogrines) -->
    <color id="webShopNotEnoughOgrinePriceBackgroundColor" color="#121212" since="10082000"/> <!-- Fond prix en Ogrine (pas assez d'Ogrines) -->
    <color id="webShopOgrinePriceSaleColor" color="#eaeaea" since="10082000"/> <!-- Texte prix en Ogrine (promotion) -->
    
    <!-- UI Mercenaires -->
    <color id="chalkboardBackgroundColor" color="#262626" /><!-- Couleur fond -->
    
    <!-- UI Donjons -->
    <color id="stasisJaugeColor" color="#f3a950"/><!-- Couleur de la barre de stasis -->
    <color id="dungeonLadderSeparatorColor" color="#262626"/><!-- Couleur du séparateur vertical du ladder -->
    <color id="scrollSelectedCellColor" color="#262626" /><!-- Couleur du personnage sélectionné sur le ladder -->
    <color id="scrollMouseOverCellColor" color="#262626" /><!-- Couleur au survol dans le ladder -->
    <color id="dungeonLadderNoRankColor" color="#262626" /><!-- Couleur d'un personnage non classé dans le ladder -->
    <color id="dungeonLadderRankingColor" color="#262626"/><!-- Couleur d'un personnage classé dans le ladder -->
    
    
    <!-- UI Combats -->
    <color id="fightResistancesBackgroundColor" color="#9b9b9b"/><!-- Couleur de fond de la fenêtre des résistances -->
    <color id="fightMinResistancesTextColor" color="#b31500"/><!-- Couleur de la résistance la plus basse -->
    <color id="fightResistancesTextColor" color="#eaeaea"/><!-- Couleur des résistances -->
    <color id="fightMaxResistancesTextColor" color="#49772a"/><!-- Couleur de la résistance la plus haute -->
    <color id="tacticalModeBackgroundColor" color="#1c1c1c"/><!-- Couleur de fond en mode tactique -->
    <color id="tacticalModeEvenCellColor" color="#575757"/><!-- Couleur primaire du mode tactique -->
    <color id="tacticalModeOddCellColor" color="#434343"/><!-- Couleur secondaire du mode tactique -->
    <color id="tacticalModeObstacleCellColor" color="0,0,0,0.4"/><!-- Couleur des obstacles en mode tactique -->	
    <color id="tacticalModeLineColor" color="#262626"/><!-- Couleur des lignes de séparation en mode tactique -->
    <color id="semiTacticalModeBackgroundColor" color="#1c1c1c"/><!-- Couleur de fond en mode semi-tactique -->
    <color id="semiTacticalModeObstacleCellColor" color="0,0,0,0.4"/><!-- Couleur des obstacles en mode semi-tactique -->	
    <color id="semiTacticalModeLineColor" color="#262626"/><!-- Couleur des lignes de séparation en mode semi-tactique -->
    <color id="fightPathColor" color="#5e9145"/><!-- Couleur du déplacement d'un peronnage -->
    <color id="fightPathErrorColor" color="#b31500"/><!-- Couleur du déplacement impossible d'un personnage (Taclé) -->
    <color id="fightRangeColor" color="#9f9f9f"/><!-- Couleur de la portée d'un sort -->
    <color id="fightRangeColorWithConstraints" color="#9f9f9f"/><!-- Couleur de la portée d'un sort avec contraintes -->
    <color id="fightZoneEffectColor" color="#f3a950"/><!-- Couleur de la zone d'effet d'un sort -->
    <color id="fightZoneAdditionalEffectColor" color="#f3a950"/><!-- Couleur de la zone supplémentaire d'un sort -->
    <color id="fightEmptyCellNeededColor" color="#9f9f9f"/><!-- Couleur d'une case nécéssaire pour un sort -->
    <color id="fightRangeColorWithoutLineOfSight" color="#747474"/><!-- Couleur hors ligne de vue d'un sort -->
    <color id="timelineOrangeOverlayColor" color="#f4b262" since="10083000"/><!-- Couleur de la timeline (10s) -->
    <color id="timelineRedOverlayColor" color="#f4b262" since="10083000"/><!-- Couleur de la timeline (5s) -->
    <color id="fightReportEvenCellColor" color="#2f2f2f" /><!-- Couleur primaire du résumé de combat -->
    <color id="fightReportOddCellColor" color="#393939" /><!-- Couleur secondaire du résumé de combat -->
    
    
    <!-- Items -->
    <color id="oldRarityColor" color="#d9d9d9" since="=10082000"/><!-- Couleur d'un item "Ancien" -->
    <color id="commonRarityColor" color="#d9d9d9" since="=10082000"/><!-- Couleur d'un item "Commun" -->
    <color id="rareRarityColor" color="#89d92b" since="=10082000"/><!-- Couleur d'un item "Rare" -->
    <color id="mythicRarityColor" color="#d9a32b" since="=10082000"/><!-- Couleur d'un item "Mythique" -->
    <color id="legendaryRarityColor" color="#d9cf2b" since="=10082000"/><!-- Couleur d'un item "Légendaire" -->
    <color id="relicRarityColor" color="#a52bd9" since="=10082000"/><!-- Couleur d'un item "Relique" -->
    <color id="souvenirRarityColor" color="#2bcdd9" since="=10082000"/><!-- Couleur d'un item "Souvenir" -->
    <color id="epicRarityColor" color="#d92bbc" since="=10082000"/><!-- Couleur d'un item "Epique" -->

    
</colors>

